x;y;Species;Reference
-50.146111;-27.856667;Gymnosphaera capensis subsp polypodioides;GBIF
-48.833333;-25.25;Gymnosphaera capensis subsp polypodioides;GBIF
-49.371944;-28.014167;Gymnosphaera capensis subsp polypodioides;GBIF
-50.1446991;-29.04780006;Gymnosphaera capensis subsp polypodioides;SpeciesLink
-49.51779938;-27.05690002;Gymnosphaera capensis subsp polypodioides;SpeciesLink
-52.42580032;-29.71750069;Gymnosphaera capensis subsp polypodioides;SpeciesLink
-49.543991;-25.459729;Gymnosphaera capensis subsp polypodioides;Fernandes,1997
-49.312888;-25.189934;Gymnosphaera capensis subsp polypodioides;Fernandes,1997
-50.580457;-29.446456;Gymnosphaera capensis subsp polypodioides;Fernandes,1997
-49.4892;-27.79719;Gymnosphaera capensis subsp polypodioides;SpeciesLink
-50326;-27.816099;Gymnosphaera capensis subsp polypodioides;SpeciesLink
-49.0769;-25.3656;Gymnosphaera capensis subsp polypodioides;SpeciesLink
-49.6356;-25.5839;Gymnosphaera capensis subsp polypodioides;SpeciesLink
-49.0553;-25.3055;Gymnosphaera capensis subsp polypodioides;SpeciesLink
-50.1714;-25.0949;Gymnosphaera capensis subsp polypodioides;SpeciesLink
-53.960773;-25.859412;Alsophila setosa;GBIF
-53.899364;-27.151832;Alsophila setosa;GBIF
-48.549167;-27.740278;Alsophila setosa;GBIF
-49.136944;-28.080556;Alsophila setosa;GBIF
-49.59;-28.62;Alsophila setosa;GBIF
-49.232778;-26.46;Alsophila setosa;GBIF
-51.898889;-26.085556;Alsophila setosa;GBIF
-49.392778;-26.264167;Alsophila setosa;GBIF
-49.313333;-26.324722;Alsophila setosa;GBIF
-50.534222;-24.336861;Alsophila setosa;GBIF
-50.308417;-24.143083;Alsophila setosa;GBIF
-49.413217;-25.4736;Alsophila setosa;GBIF
-49.0122;-25451;Alsophila setosa;GBIF
-51.842167;-25.973167;Alsophila setosa;GBIF
-48.3258;-25.2983;Alsophila setosa;GBIF
-51.83825;-25.949722;Alsophila setosa;GBIF
-51.854667;-25.946028;Alsophila setosa;GBIF
-51.850361;-24.563333;Alsophila setosa;GBIF
-50.810139;-29.32125;Alsophila setosa;GBIF
-51.731944;-24.772778;Alsophila setosa;GBIF
-49.070278;-27.004444;Alsophila setosa;GBIF
-52.452583;-24.288472;Alsophila setosa;GBIF
-53.807829;-29.551238;Alsophila setosa;GBIF
-53.17;-25.42;Alsophila setosa;GBIF
-55.57628;-27.2789;Alsophila setosa;GBIF
-50.32648464;-27.82000884;Alsophila setosa;GBIF
-54.583333;-25.716667;Alsophila setosa;GBIF
-53.733333;-26.05;Alsophila setosa;GBIF
-48.693333;-24.539444;Alsophila setosa;GBIF
-52.752386;-26.754439;Alsophila setosa;GBIF
-50.395556;-29.418889;Alsophila setosa;GBIF
-50.291056;-29.706944;Alsophila setosa;GBIF
-50.365278;-29.730833;Alsophila setosa;GBIF
-50.974481;-29.503944;Alsophila setosa;GBIF
-50.018056;-29.678889;Alsophila setosa;GBIF
-51.052778;-29.678889;Alsophila setosa;GBIF
-50.615833;-29.4625;Alsophila setosa;GBIF
-50.55;-29.433333;Alsophila setosa;GBIF
-54;-28.55;Alsophila setosa;GBIF
-53.833333;-27.216667;Alsophila setosa;GBIF
-53.8;-29.683333;Alsophila setosa;GBIF
-50.555067;-29.45375;Alsophila setosa;GBIF
-52.219717;-28.40695;Alsophila setosa;GBIF
-53.968283;-27.238867;Alsophila setosa;GBIF
-51.558633;-28.925167;Alsophila setosa;GBIF
-49.916667;-29.333333;Alsophila setosa;GBIF
-46.939528;-23.825778;Alsophila setosa;GBIF
-48.417222;-24.931111;Alsophila setosa;GBIF
-48.374444;-24.3075;Alsophila setosa;GBIF
-48.419167;-24.2775;Alsophila setosa;GBIF
-56.015278;-25.469722;Alsophila setosa;GBIF
-52.9;-30.037778;Alsophila setosa;GBIF
-50;-29;Alsophila setosa;GBIF
-50.071111;-29.370278;Alsophila setosa;GBIF
-50.109453;-29.510844;Alsophila setosa;GBIF
-51.188611;-27.930278;Alsophila setosa;GBIF
-54.8333;-25.5;Alsophila setosa;GBIF
-53.841528;-25.154111;Alsophila setosa;GBIF
-53.04375;-25.36401;Alsophila setosa;GBIF
-50.0975;-29.184722;Alsophila setosa;GBIF
-49.14;-27.000278;Alsophila setosa;GBIF
-49.319167;-28.260833;Alsophila setosa;GBIF
-51.969722;-26.788611;Alsophila setosa;GBIF
-52155;-27.27;Alsophila setosa;GBIF
-55.506667;-26.081111;Alsophila setosa;GBIF
-48.971111;-25.859722;Alsophila setosa;GBIF
-52.62;-27.1;Alsophila setosa;GBIF
-49.838611;-26.682222;Alsophila setosa;GBIF
-54.804722;-25.631944;Alsophila setosa;GBIF
-56.25;-25.71666;Alsophila setosa;GBIF
-53.75;-26.13333;Alsophila setosa;GBIF
-53.88333;-27.06666;Alsophila setosa;GBIF
-53.78333;-26.01666;Alsophila setosa;GBIF
-55.483611;-25.538889;Alsophila setosa;GBIF
-53.913333;-26.779167;Alsophila setosa;GBIF
-51.019167;-29.677222;Alsophila setosa;GBIF
-49.913056;-29.417778;Alsophila setosa;GBIF
-52.75;-28.466667;Alsophila setosa;GBIF
-52.15;-28.883333;Alsophila setosa;GBIF
-52.85;-28.633333;Alsophila setosa;GBIF
-49.424722;-28.598333;Alsophila setosa;GBIF
-49.291667;-28.359444;Alsophila setosa;GBIF
-49.298889;-28.285278;Alsophila setosa;GBIF
-49.679444;-28.926667;Alsophila setosa;GBIF
-49.849722;-29.369444;Alsophila setosa;GBIF
-46.945445;-23.714883;Alsophila setosa;GBIF
-47.113671;-23.715386;Alsophila setosa;GBIF
-49.8;-25.05;Alsophila setosa;GBIF
-49.618667;-25.219222;Alsophila setosa;GBIF
-47345;-24.030556;Alsophila setosa;GBIF
-50.181389;-24.873889;Alsophila setosa;GBIF
-49234;-25.4466;Alsophila setosa;GBIF
-48.85;-25.216667;Alsophila setosa;GBIF
-48.833333;-25.25;Alsophila setosa;GBIF
-48.65;-25.316667;Alsophila setosa;GBIF
-52.797444;-24.598417;Alsophila setosa;GBIF
-52.550833;-24.521167;Alsophila setosa;GBIF
-52.320667;-24.200444;Alsophila setosa;GBIF
-49.401667;-26.878056;Alsophila setosa;GBIF
-49.316667;-27.5375;Alsophila setosa;GBIF
-49.041389;-26.529444;Alsophila setosa;GBIF
-49.104722;-27.025833;Alsophila setosa;GBIF
-49.229167;-27.721111;Alsophila setosa;GBIF
-49.499722;-26.73;Alsophila setosa;GBIF
-49.322222;-28.17;Alsophila setosa;GBIF
-49.411944;-28.259722;Alsophila setosa;GBIF
-49.41;-28.17;Alsophila setosa;GBIF
-49.320278;-26.370556;Alsophila setosa;GBIF
-49.498611;-28.443611;Alsophila setosa;GBIF
-49.408889;-28.621944;Alsophila setosa;GBIF
-49.86;-28.89;Alsophila setosa;GBIF
-49.86;-28.8;Alsophila setosa;GBIF
-49.050833;-27.000556;Alsophila setosa;GBIF
-48.871111;-26.819722;Alsophila setosa;GBIF
-49.859167;-28.979444;Alsophila setosa;GBIF
-49.9525;-29.159444;Alsophila setosa;GBIF
-49.86;-29.07;Alsophila setosa;GBIF
-49.049444;-26.819722;Alsophila setosa;GBIF
-53.301667;-26.432778;Alsophila setosa;GBIF
-52.515833;-26.773611;Alsophila setosa;GBIF
-49.4975;-27.901389;Alsophila setosa;GBIF
-49.495833;-28.172222;Alsophila setosa;GBIF
-53.298611;-26.400556;Alsophila setosa;GBIF
-49.23;-27.9;Alsophila setosa;GBIF
-52.564167;-26.460556;Alsophila setosa;GBIF
-50.94;-27.63;Alsophila setosa;GBIF
-50.1775;-29.354444;Alsophila setosa;GBIF
-49.071944;-26.921389;Alsophila setosa;GBIF
-48.363333;-24.3075;Alsophila setosa;GBIF
-54.41;-25.88;Alsophila setosa;GBIF
-54.49;-25.68;Alsophila setosa;GBIF
-53.88;-26.9;Alsophila setosa;GBIF
-54.21;-26.92;Alsophila setosa;GBIF
-53.88;-27.13;Alsophila setosa;GBIF
-54.12;-26.6;Alsophila setosa;GBIF
-53.96;-26.64;Alsophila setosa;GBIF
-51.73529816;-29.16889954;Alsophila setosa;SpeciesLink
-51.1794014;-29.16810036;Alsophila setosa;SpeciesLink
-49.7635994;-28.99749947;Alsophila setosa;SpeciesLink
-49.12860107;-27.90189934;Alsophila setosa;SpeciesLink
-49.33359909;-27.70030022;Alsophila setosa;SpeciesLink
-52.27389908;-27.63419914;Alsophila setosa;SpeciesLink
-48.95890045;-26.9314003;Alsophila setosa;SpeciesLink
-48.82720184;-26.89970016;Alsophila setosa;SpeciesLink
-53.27830124;-26.34749985;Alsophila setosa;SpeciesLink
-51.46080017;-23.55080032;Alsophila setosa;SpeciesLink
-49.68;-28.799722;Alsophila setosa;IFFSC
-49.77;-28.71;Alsophila setosa;IFFSC
-49.413056;-28.526389;Alsophila setosa;IFFSC
-49.319167;-28.348056;Alsophila setosa;IFFSC
-49.231944;-28.352778;Alsophila setosa;IFFSC
-49.499444;-28.260278;Alsophila setosa;IFFSC
-48.959444;-28.2625;Alsophila setosa;IFFSC
-49.049722;-28.169444;Alsophila setosa;IFFSC
-48.870278;-28.169444;Alsophila setosa;IFFSC
-48.78;-28.08;Alsophila setosa;IFFSC
-48.69;-28.08;Alsophila setosa;IFFSC
-49.230833;-27.989722;Alsophila setosa;IFFSC
-48.78;-27.99;Alsophila setosa;IFFSC
-49.59;-27.81;Alsophila setosa;IFFSC
-49.14;-27.81;Alsophila setosa;IFFSC
-48.96;-27.72;Alsophila setosa;IFFSC
-49.59;-27.63;Alsophila setosa;IFFSC
-49.5;-27.63;Alsophila setosa;IFFSC
-49.233611;-27.63;Alsophila setosa;IFFSC
-48.87;-27.63;Alsophila setosa;IFFSC
-49.770556;-27.54;Alsophila setosa;IFFSC
-49.41;-27.54;Alsophila setosa;IFFSC
-48.96;-27.54;Alsophila setosa;IFFSC
-49.32;-27.45;Alsophila setosa;IFFSC
-49.23;-27.449722;Alsophila setosa;IFFSC
-49.14;-27.449722;Alsophila setosa;IFFSC
-49.05;-27.450556;Alsophila setosa;IFFSC
-49.68;-27.36;Alsophila setosa;IFFSC
-49.502222;-27.360556;Alsophila setosa;IFFSC
-49.32;-27.359722;Alsophila setosa;IFFSC
-49.23;-27.359722;Alsophila setosa;IFFSC
-49.137778;-27.359722;Alsophila setosa;IFFSC
-48.96;-27.36;Alsophila setosa;IFFSC
-48.8675;-27.359722;Alsophila setosa;IFFSC
-48.78;-27.36;Alsophila setosa;IFFSC
-49.770278;-27.27;Alsophila setosa;IFFSC
-49.41;-27.27;Alsophila setosa;IFFSC
-49.320278;-27.271389;Alsophila setosa;IFFSC
-49.051944;-27.268611;Alsophila setosa;IFFSC
-48.809444;-27.271111;Alsophila setosa;IFFSC
-49.68;-27.18;Alsophila setosa;IFFSC
-49.41;-27.18;Alsophila setosa;IFFSC
-49.32;-27.18;Alsophila setosa;IFFSC
-48.871111;-27.181944;Alsophila setosa;IFFSC
-50.22;-27.0925;Alsophila setosa;IFFSC
-49.8575;-27.089444;Alsophila setosa;IFFSC
-49.77;-27.09;Alsophila setosa;IFFSC
-49.59;-27.09;Alsophila setosa;IFFSC
-49.41;-27.09;Alsophila setosa;IFFSC
-49.32;-27.089722;Alsophila setosa;IFFSC
-48.78;-27.09;Alsophila setosa;IFFSC
-52.199722;-26.999722;Alsophila setosa;IFFSC
-49.589444;-26.998056;Alsophila setosa;IFFSC
-49.32;-26.999722;Alsophila setosa;IFFSC
-50.128611;-26.908611;Alsophila setosa;IFFSC
-49.77;-26.91;Alsophila setosa;IFFSC
-49.677778;-26.908333;Alsophila setosa;IFFSC
-49.588056;-26.911667;Alsophila setosa;IFFSC
-49.410833;-26.91;Alsophila setosa;IFFSC
-49.769444;-26.821389;Alsophila setosa;IFFSC
-49.5;-26.82;Alsophila setosa;IFFSC
-50.131944;-26.731667;Alsophila setosa;IFFSC
-48.87;-28.08;Alsophila setosa;IFFSC
-49.4075;-26.7275;Alsophila setosa;IFFSC
-48.869722;-27.99;Alsophila setosa;IFFSC
-48.960833;-27.809722;Alsophila setosa;IFFSC
-48.69;-27.81;Alsophila setosa;IFFSC
-49.049444;-27.630278;Alsophila setosa;IFFSC
-49.679444;-27.539444;Alsophila setosa;IFFSC
-49.14;-27.54;Alsophila setosa;IFFSC
-49.049722;-27.54;Alsophila setosa;IFFSC
-49.5;-26.64;Alsophila setosa;IFFSC
-49.861667;-27.450556;Alsophila setosa;IFFSC
-48.87;-27.45;Alsophila setosa;IFFSC
-49.41;-27.360278;Alsophila setosa;IFFSC
-50.312778;-26.551389;Alsophila setosa;IFFSC
-49.946667;-26.549444;Alsophila setosa;IFFSC
-49.68;-26.55;Alsophila setosa;IFFSC
-49.23;-27.27;Alsophila setosa;IFFSC
-49.32;-26.55;Alsophila setosa;IFFSC
-50.13;-27.18;Alsophila setosa;IFFSC
-49.23;-27.18;Alsophila setosa;IFFSC
-50.0375;-27.091944;Alsophila setosa;IFFSC
-49.23;-27.09;Alsophila setosa;IFFSC
-50.489167;-26.459722;Alsophila setosa;IFFSC
-49.948889;-26.460278;Alsophila setosa;IFFSC
-49.41;-26.46;Alsophila setosa;IFFSC
-50.22;-27;Alsophila setosa;IFFSC
-50.13;-27;Alsophila setosa;IFFSC
-49.41;-27;Alsophila setosa;IFFSC
-50.938056;-26.371111;Alsophila setosa;IFFSC
-49.23;-26.999722;Alsophila setosa;IFFSC
-50.765833;-26.373056;Alsophila setosa;IFFSC
-50.219722;-26.909722;Alsophila setosa;IFFSC
-49.8625;-26.909722;Alsophila setosa;IFFSC
-49.499444;-26.910278;Alsophila setosa;IFFSC
-53.281667;-26.282222;Alsophila setosa;IFFSC
-49.228333;-26.278056;Alsophila setosa;IFFSC
-49.14;-26.28;Alsophila setosa;IFFSC
-49.05;-26.28;Alsophila setosa;IFFSC
-49.591389;-26.731389;Alsophila setosa;IFFSC
-49.140833;-26.187222;Alsophila setosa;IFFSC
-49.321667;-26.730556;Alsophila setosa;IFFSC
-48.69;-26.19;Alsophila setosa;IFFSC
-50.132778;-26.103056;Alsophila setosa;IFFSC
-49.950833;-26.099444;Alsophila setosa;IFFSC
-50.4;-26.64;Alsophila setosa;IFFSC
-49.86;-26.64;Alsophila setosa;IFFSC
-48.78;-26.008611;Alsophila setosa;IFFSC
-49.411389;-26.638333;Alsophila setosa;IFFSC
-49.23;-26.64;Alsophila setosa;IFFSC
-51975;-27.405833;Alsophila setosa;IFFSC
-49.41;-26.549722;Alsophila setosa;IFFSC
-52.562222;-27.175833;Alsophila setosa;IFFSC
-49.05;-26.550278;Alsophila setosa;IFFSC
-52.470556;-27.178333;Alsophila setosa;IFFSC
-52.29;-27.18;Alsophila setosa;IFFSC
-49.047778;-26.1925;Alsophila setosa;IFFSC
-50.301944;-26.216389;Alsophila setosa;IFFSC
-52.379444;-27045;Alsophila setosa;IFFSC
-53.285556;-26.308889;Alsophila setosa;IFFSC
-48.298056;-25.178056;Alsophila sternbergii;GBIF
-47.869417;-24.809833;Alsophila sternbergii;GBIF
-47.92;-24.18;Alsophila sternbergii;GBIF
-46.387953;-23.873871;Alsophila sternbergii;GBIF
-48.84617167;-26.30829608;Alsophila sternbergii;GBIF
-48.693333;-24.539444;Alsophila sternbergii;GBIF
-48.396389;-24.6275;Alsophila sternbergii;GBIF
-48.419167;-24.2775;Alsophila sternbergii;GBIF
-46.828611;-24.166389;Alsophila sternbergii;GBIF
-46.332222;-23.961944;Alsophila sternbergii;GBIF
-48.645278;-25.284722;Alsophila sternbergii;GBIF
-46.93333;-24.25;Alsophila sternbergii;GBIF
-48.348389;-25.124222;Alsophila sternbergii;GBIF
-48.966667;-25.433333;Alsophila sternbergii;GBIF
-47.558333;-24.166667;Alsophila sternbergii;GBIF
-48.666667;-25.316667;Alsophila sternbergii;GBIF
-48.384806;-25.177389;Alsophila sternbergii;GBIF
-48.83440018;-25.4769001;Alsophila sternbergii;SpeciesLink
-48.778889;-27.688611;Cyathea atrovirens;GBIF
-48.683889;-27.962222;Cyathea atrovirens;GBIF
-48.87;-27.45;Cyathea atrovirens;GBIF
-49.14;-27.54;Cyathea atrovirens;GBIF
-49.315556;-28.617778;Cyathea atrovirens;GBIF
-48.953333;-26.036667;Cyathea atrovirens;GBIF
-49.051944;-27.268611;Cyathea atrovirens;GBIF
-49.497222;-28.529167;Cyathea atrovirens;GBIF
-48.624675;-26.126842;Cyathea atrovirens;GBIF
-48.333333;-25.283333;Cyathea atrovirens;GBIF
-49.2738;-26173;Cyathea atrovirens;GBIF
-47.5923;-24033;Cyathea atrovirens;GBIF
-47.5939;-24.0829;Cyathea atrovirens;GBIF
-49.414684;-25.470407;Cyathea atrovirens;GBIF
-52.4574;-24.5128;Cyathea atrovirens;GBIF
-49.7159;-26.0267;Cyathea atrovirens;GBIF
-48.3064;-25.5565;Cyathea atrovirens;GBIF
-50.81365;-29.80614;Cyathea atrovirens;GBIF
-52.758611;-23.913611;Cyathea atrovirens;GBIF
-49.212778;-28.186667;Cyathea atrovirens;GBIF
-52.398639;-24.089111;Cyathea atrovirens;GBIF
-55.338333;-27.159722;Cyathea atrovirens;GBIF
-48.78;-25.38;Cyathea atrovirens;GBIF
-54.8169;-25.6417;Cyathea atrovirens;GBIF
-53.63;-26.25;Cyathea atrovirens;GBIF
-55.7706;-26.2875;Cyathea atrovirens;GBIF
-55.5278;-24.1331;Cyathea atrovirens;GBIF
-49.408889;-28.621944;Cyathea atrovirens;GBIF
-48.688889;-26.5525;Cyathea atrovirens;GBIF
-46775;-23895;Cyathea atrovirens;GBIF
-49.0005746;-24.65387252;Cyathea atrovirens;GBIF
-51.07882773;-26.2421851;Cyathea atrovirens;GBIF
-48.84617167;-26.30829608;Cyathea atrovirens;GBIF
-48.65;-26.15;Cyathea atrovirens;GBIF
-46.32;-23.78;Cyathea atrovirens;GBIF
-48.8347669;-25.48078485;Cyathea atrovirens;GBIF
-48.631716;-25.548936;Cyathea atrovirens;GBIF
-47.992538;-25.197304;Cyathea atrovirens;GBIF
-52.37894729;-29.99362202;Cyathea atrovirens;GBIF
-55.55;-27.27;Cyathea atrovirens;GBIF
-54.4744;-25.6894;Cyathea atrovirens;GBIF
-48.96;-27.54;Cyathea atrovirens;GBIF
-49.087222;-26.957222;Cyathea atrovirens;GBIF
-50.231944;-30.087778;Cyathea atrovirens;GBIF
-52.405417;-24.01675;Cyathea atrovirens;GBIF
-50.110556;-29.512778;Cyathea atrovirens;GBIF
-51.394217;-29.420572;Cyathea atrovirens;GBIF
-55.054167;-27.331111;Cyathea atrovirens;GBIF
-50.115147;-29.119564;Cyathea atrovirens;GBIF
-50.104969;-29.132972;Cyathea atrovirens;GBIF
-50.118572;-29.134469;Cyathea atrovirens;GBIF
-50.018056;-29.678889;Cyathea atrovirens;GBIF
-49.914192;-29.416453;Cyathea atrovirens;GBIF
-50.974481;-29.503944;Cyathea atrovirens;GBIF
-51.052778;-29.678889;Cyathea atrovirens;GBIF
-50.146667;-29.775556;Cyathea atrovirens;GBIF
-46.948306;-23.827194;Cyathea atrovirens;GBIF
-49.116667;-27.268611;Cyathea atrovirens;GBIF
-48.128889;-25.068611;Cyathea atrovirens;GBIF
-48.467139;-24.636944;Cyathea atrovirens;GBIF
-48.05;-24.2;Cyathea atrovirens;GBIF
-48.419167;-24.2775;Cyathea atrovirens;GBIF
-47.916667;-24.2;Cyathea atrovirens;GBIF
-46.930833;-24.220222;Cyathea atrovirens;GBIF
-46.735278;-23.985278;Cyathea atrovirens;GBIF
-55.516667;-27.316667;Cyathea atrovirens;GBIF
-55.539167;-27.258611;Cyathea atrovirens;GBIF
-46.503889;-24.015833;Cyathea atrovirens;GBIF
-46.500556;-24.005556;Cyathea atrovirens;GBIF
-48.690278;-27.361389;Cyathea atrovirens;GBIF
-53.669167;-25.089583;Cyathea atrovirens;GBIF
-51;-24;Cyathea atrovirens;GBIF
-54.8333;-25.5;Cyathea atrovirens;GBIF
-48.693333;-24.539444;Cyathea atrovirens;GBIF
-49.924167;-29.318889;Cyathea atrovirens;GBIF
-48.96;-27.449722;Cyathea atrovirens;GBIF
-49.216667;-25.283333;Cyathea atrovirens;GBIF
-48.483333;-27.566667;Cyathea atrovirens;GBIF
-53.754222;-25.108389;Cyathea atrovirens;GBIF
-47.92;-25;Cyathea atrovirens;GBIF
-48.9;-27.1;Cyathea atrovirens;GBIF
-47.9;-24.37;Cyathea atrovirens;GBIF
-53.873889;-29.627778;Cyathea atrovirens;GBIF
-50.150194;-29.790389;Cyathea atrovirens;GBIF
-50.844056;-25.82875;Cyathea atrovirens;GBIF
-49.460556;-26.284167;Cyathea atrovirens;GBIF
-50.186944;-29.868889;Cyathea atrovirens;GBIF
-48;-25.16666;Cyathea atrovirens;GBIF
-55.33333;-26.16666;Cyathea atrovirens;GBIF
-56.25;-25.91666;Cyathea atrovirens;GBIF
-56.1515;-25.8998;Cyathea atrovirens;GBIF
-55.45;-26.16666;Cyathea atrovirens;GBIF
-56.28333;-25.95;Cyathea atrovirens;GBIF
-55.016667;-26.8;Cyathea atrovirens;GBIF
-54.58333;-25.6;Cyathea atrovirens;GBIF
-55.58333;-27.26666;Cyathea atrovirens;GBIF
-55.76888;-26.25305;Cyathea atrovirens;GBIF
-55.763056;-26.273889;Cyathea atrovirens;GBIF
-55.543055;-25.693055;Cyathea atrovirens;GBIF
-55.443055;-26.097778;Cyathea atrovirens;GBIF
-46.93333;-24.25;Cyathea atrovirens;GBIF
-56.25;-25.71666;Cyathea atrovirens;GBIF
-55.93333;-26.03333;Cyathea atrovirens;GBIF
-54.80472;-25.63194;Cyathea atrovirens;GBIF
-52.647667;-23.934861;Cyathea atrovirens;GBIF
-56.25;-25.83333;Cyathea atrovirens;GBIF
-48.47889;-27.55167;Cyathea atrovirens;GBIF
-55;-25.5;Cyathea atrovirens;GBIF
-56;-25.16667;Cyathea atrovirens;GBIF
-48.913583;-25.810083;Cyathea atrovirens;GBIF
-50.706944;-24.100556;Cyathea atrovirens;GBIF
-49.861667;-29.253611;Cyathea atrovirens;GBIF
-50.013056;-29.588889;Cyathea atrovirens;GBIF
-51.019167;-29.677222;Cyathea atrovirens;GBIF
-49.77;-28.71;Cyathea atrovirens;GBIF
-48.919167;-27.032778;Cyathea atrovirens;GBIF
-48.778611;-26.8225;Cyathea atrovirens;GBIF
-49.588611;-28.708056;Cyathea atrovirens;GBIF
-46.250278;-23.990556;Cyathea atrovirens;GBIF
-52.374444;-29955;Cyathea atrovirens;GBIF
-47.058125;-23.734814;Cyathea atrovirens;GBIF
-46.958919;-23.675528;Cyathea atrovirens;GBIF
-48.666667;-25.316667;Cyathea atrovirens;GBIF
-48.683333;-25.25;Cyathea atrovirens;GBIF
-47.315833;-24.020278;Cyathea atrovirens;GBIF
-50.221667;-24.885278;Cyathea atrovirens;GBIF
-49234;-25.4466;Cyathea atrovirens;GBIF
-48.478611;-25.619167;Cyathea atrovirens;GBIF
-48.318889;-25.512222;Cyathea atrovirens;GBIF
-49.65;-24.166667;Cyathea atrovirens;GBIF
-48.2;-25.333333;Cyathea atrovirens;GBIF
-48.166667;-25.416667;Cyathea atrovirens;GBIF
-48.470889;-25.678722;Cyathea atrovirens;GBIF
-47.837167;-24.889167;Cyathea atrovirens;GBIF
-53.101194;-25.695972;Cyathea atrovirens;GBIF
-49.086667;-27.056944;Cyathea atrovirens;GBIF
-49.380556;-26.421667;Cyathea atrovirens;GBIF
-48.96;-27.18;Cyathea atrovirens;GBIF
-48.599444;-27.904722;Cyathea atrovirens;GBIF
-48.780556;-26.280278;Cyathea atrovirens;GBIF
-48.755833;-27.893333;Cyathea atrovirens;GBIF
-49.050556;-26.280278;Cyathea atrovirens;GBIF
-48.871389;-27.718889;Cyathea atrovirens;GBIF
-48.69;-27.81;Cyathea atrovirens;GBIF
-48.78;-27.99;Cyathea atrovirens;GBIF
-48.78;-27.72;Cyathea atrovirens;GBIF
-48.780833;-27.628889;Cyathea atrovirens;GBIF
-48.691667;-27.63;Cyathea atrovirens;GBIF
-49.410833;-27.09;Cyathea atrovirens;GBIF
-49.230833;-27;Cyathea atrovirens;GBIF
-48.960278;-26.999444;Cyathea atrovirens;GBIF
-49.14;-27.449722;Cyathea atrovirens;GBIF
-49.411389;-26.910278;Cyathea atrovirens;GBIF
-49.320556;-27;Cyathea atrovirens;GBIF
-49.23;-26.64;Cyathea atrovirens;GBIF
-48.69;-26.1;Cyathea atrovirens;GBIF
-48.87;-26.01;Cyathea atrovirens;GBIF
-48.870278;-27.539444;Cyathea atrovirens;GBIF
-48.87;-27.63;Cyathea atrovirens;GBIF
-48.761944;-27.878889;Cyathea atrovirens;GBIF
-49.139722;-26.368056;Cyathea atrovirens;GBIF
-48.69;-26.46;Cyathea atrovirens;GBIF
-49.32;-27.45;Cyathea atrovirens;GBIF
-49.86;-29.07;Cyathea atrovirens;GBIF
-48.69;-26.01;Cyathea atrovirens;GBIF
-48.601944;-27.149444;Cyathea atrovirens;GBIF
-48.973889;-26.77;Cyathea atrovirens;GBIF
-48.901944;-27.150556;Cyathea atrovirens;GBIF
-49.059722;-26.936667;Cyathea atrovirens;GBIF
-49.071944;-26.921389;Cyathea atrovirens;GBIF
-54.13;-26.88;Cyathea atrovirens;GBIF
-54.47;-26.65;Cyathea atrovirens;GBIF
-53.73;-26.28;Cyathea atrovirens;GBIF
-54.41;-25.88;Cyathea atrovirens;GBIF
-52.42580032;-29.71750069;Cyathea atrovirens;SpeciesLink
-50.7806015;-29.65060043;Cyathea atrovirens;SpeciesLink
-49.72689819;-29.33530045;Cyathea atrovirens;SpeciesLink
-48.80530167;-27.56609917;Cyathea atrovirens;SpeciesLink
-48.76750183;-27.51689911;Cyathea atrovirens;SpeciesLink
-48.91749954;-27.09810066;Cyathea atrovirens;SpeciesLink
-48.95890045;-26.9314003;Cyathea atrovirens;SpeciesLink
-48.82720184;-26.89970016;Cyathea atrovirens;SpeciesLink
-48.65420151;-26.89889908;Cyathea atrovirens;SpeciesLink
-48.67169952;-26.76390076;Cyathea atrovirens;SpeciesLink
-49.37860107;-26.25029945;Cyathea atrovirens;SpeciesLink
-48.63809967;-26.24329948;Cyathea atrovirens;SpeciesLink
-56.83;-26.05;Cyathea atrovirens;SpeciesLink
-56.88;-26.02;Cyathea atrovirens;SpeciesLink
-48.50920105;-25.52000046;Cyathea atrovirens;SpeciesLink
-47.84000015;-24.47999954;Cyathea atrovirens;SpeciesLink
-56.1236;-23.8067;Cyathea atrovirens;SpeciesLink
-46.3;-23.75;Cyathea atrovirens;SpeciesLink
-48.6272;-27.6156;Cyathea atrovirens;SpeciesLink
-48.5297;-24.1803;Cyathea atrovirens;SpeciesLink
-48.78;-27.09;Cyathea atrovirens;IFFSC
-48.869722;-27.000556;Cyathea atrovirens;IFFSC
-48.549167;-27.740278;Cyathea corcovadensis;GBIF
-49.23;-27.27;Cyathea corcovadensis;GBIF
-48.78;-28.08;Cyathea corcovadensis;GBIF
-49.68;-27.36;Cyathea corcovadensis;GBIF
-49.14;-27.449722;Cyathea corcovadensis;GBIF
-50.299722;-25.69;Cyathea corcovadensis;GBIF
-48.542556;-27.172639;Cyathea corcovadensis;GBIF
-50.560333;-24.33325;Cyathea corcovadensis;GBIF
-48.333333;-25.283333;Cyathea corcovadensis;GBIF
-49.1348;-28.0448;Cyathea corcovadensis;GBIF
-48.652778;-25.300278;Cyathea corcovadensis;GBIF
-49.3813;-25.0758;Cyathea corcovadensis;GBIF
-49.3109;-25188;Cyathea corcovadensis;GBIF
-49.0036;-25.3887;Cyathea corcovadensis;GBIF
-49.40037;-24.94963;Cyathea corcovadensis;GBIF
-48.693333;-24.539444;Cyathea corcovadensis;GBIF
-47.92;-24.18;Cyathea corcovadensis;GBIF
-48.083333;-24.233333;Cyathea corcovadensis;GBIF
-48.7167;-25.45;Cyathea corcovadensis;GBIF
-48.69;-26.19;Cyathea corcovadensis;GBIF
-49.849902;-29.368799;Cyathea corcovadensis;GBIF
-48.72;-25.42;Cyathea corcovadensis;GBIF
-49.63622334;-25.58808307;Cyathea corcovadensis;GBIF
-49.27369728;-25.43198243;Cyathea corcovadensis;GBIF
-49.769797;-25.530491;Cyathea corcovadensis;GBIF
-48.84617167;-26.30829608;Cyathea corcovadensis;GBIF
-48.32;-25.27;Cyathea corcovadensis;GBIF
-50.32648464;-27.82000884;Cyathea corcovadensis;GBIF
-48.32943085;-25.31078435;Cyathea corcovadensis;GBIF
-47.7883;-24.7078;Cyathea corcovadensis;GBIF
-49.087222;-26.957222;Cyathea corcovadensis;GBIF
-49.509411;-27.282064;Cyathea corcovadensis;GBIF
-48.292778;-25.157778;Cyathea corcovadensis;GBIF
-49.498611;-28.443611;Cyathea corcovadensis;GBIF
-49.069722;-27.004722;Cyathea corcovadensis;GBIF
-48.778611;-26.8225;Cyathea corcovadensis;GBIF
-50.844056;-25.82875;Cyathea corcovadensis;GBIF
-48.574694;-25.882806;Cyathea corcovadensis;GBIF
-46.941722;-23.824222;Cyathea corcovadensis;GBIF
-48.396389;-24.6275;Cyathea corcovadensis;GBIF
-48.4125;-24.306667;Cyathea corcovadensis;GBIF
-46.735278;-23.985278;Cyathea corcovadensis;GBIF
-47885;-24.608333;Cyathea corcovadensis;GBIF
-46.332222;-23.961944;Cyathea corcovadensis;GBIF
-49.212778;-28.186667;Cyathea corcovadensis;GBIF
-48.708056;-25.598889;Cyathea corcovadensis;GBIF
-49.950833;-26.149444;Cyathea corcovadensis;GBIF
-51;-24;Cyathea corcovadensis;GBIF
-49.924167;-29.318889;Cyathea corcovadensis;GBIF
-49.23;-28.08;Cyathea corcovadensis;GBIF
-48.871389;-27.718889;Cyathea corcovadensis;GBIF
-49.68;-28.799722;Cyathea corcovadensis;GBIF
-48.869722;-27.99;Cyathea corcovadensis;GBIF
-49.286018;-25.406067;Cyathea corcovadensis;GBIF
-48.9;-27.1;Cyathea corcovadensis;GBIF
-49.913083;-29.417889;Cyathea corcovadensis;GBIF
-50.313889;-26.738333;Cyathea corcovadensis;GBIF
-50.293056;-25.667778;Cyathea corcovadensis;GBIF
-48.933889;-26.803333;Cyathea corcovadensis;GBIF
-47.85;-24.35;Cyathea corcovadensis;GBIF
-46.43333;-23.88333;Cyathea corcovadensis;GBIF
-50.58333;-25.2;Cyathea corcovadensis;GBIF
-48.951667;-27.418611;Cyathea corcovadensis;GBIF
-49.140833;-26.187222;Cyathea corcovadensis;GBIF
-47.237778;-24.508611;Cyathea corcovadensis;GBIF
-49.253556;-25.349333;Cyathea corcovadensis;GBIF
-49.618667;-25.219222;Cyathea corcovadensis;GBIF
-49.358389;-25.45025;Cyathea corcovadensis;GBIF
-49.116278;-25.380667;Cyathea corcovadensis;GBIF
-47.934167;-24.608333;Cyathea corcovadensis;GBIF
-47;-24.283333;Cyathea corcovadensis;GBIF
-47.451111;-24.077222;Cyathea corcovadensis;GBIF
-49.383611;-24485;Cyathea corcovadensis;GBIF
-47.924722;-24.191389;Cyathea corcovadensis;GBIF
-49.200833;-25.635278;Cyathea corcovadensis;GBIF
-49234;-25.4466;Cyathea corcovadensis;GBIF
-48.833333;-25.233333;Cyathea corcovadensis;GBIF
-48.833333;-25.25;Cyathea corcovadensis;GBIF
-48.683333;-25.25;Cyathea corcovadensis;GBIF
-49.216667;-25.283333;Cyathea corcovadensis;GBIF
-48.2;-25.333333;Cyathea corcovadensis;GBIF
-48.25;-25.416667;Cyathea corcovadensis;GBIF
-49.83575;-29.331925;Cyathea corcovadensis;GBIF
-49.319167;-28.260833;Cyathea corcovadensis;GBIF
-48.78;-27.99;Cyathea corcovadensis;GBIF
-48.385361;-25.180556;Cyathea corcovadensis;GBIF
-47.857306;-24.808528;Cyathea corcovadensis;GBIF
-49.59;-27.63;Cyathea corcovadensis;GBIF
-49.051806;-25.837083;Cyathea corcovadensis;GBIF
-48.980556;-25.49;Cyathea corcovadensis;GBIF
-50.301944;-26.216389;Cyathea corcovadensis;GBIF
-48.690278;-27.361389;Cyathea corcovadensis;GBIF
-48.87;-27.272222;Cyathea corcovadensis;GBIF
-48.69;-27.81;Cyathea corcovadensis;GBIF
-48.69;-27.45;Cyathea corcovadensis;GBIF
-48.761944;-27.878889;Cyathea corcovadensis;GBIF
-48.96;-27.993889;Cyathea corcovadensis;GBIF
-48.69;-27.72;Cyathea corcovadensis;GBIF
-49.32;-26.46;Cyathea corcovadensis;GBIF
-49.230833;-27.09;Cyathea corcovadensis;GBIF
-49345;-26.2275;Cyathea corcovadensis;GBIF
-49.41;-27;Cyathea corcovadensis;GBIF
-49.320556;-27;Cyathea corcovadensis;GBIF
-49.589444;-26.998055;Cyathea corcovadensis;GBIF
-49.32;-27.09;Cyathea corcovadensis;GBIF
-48535;-27.724167;Cyathea corcovadensis;GBIF
-48.689444;-27.540278;Cyathea corcovadensis;GBIF
-48.869722;-28.164722;Cyathea corcovadensis;GBIF
-48.475556;-27.576667;Cyathea corcovadensis;GBIF
-48.78;-27.36;Cyathea corcovadensis;GBIF
-49.86;-28.8;Cyathea corcovadensis;GBIF
-49.320833;-27.271667;Cyathea corcovadensis;GBIF
-49.050833;-27.000556;Cyathea corcovadensis;GBIF
-48.784167;-26.641111;Cyathea corcovadensis;GBIF
-48.78;-26.008611;Cyathea corcovadensis;GBIF
-49.23;-27.359722;Cyathea corcovadensis;GBIF
-49.087778;-27.056667;Cyathea corcovadensis;GBIF
-49.071944;-26.921389;Cyathea corcovadensis;GBIF
-49.059722;-26.936667;Cyathea corcovadensis;GBIF
-49.548333;-27.041111;Cyathea corcovadensis;GBIF
-48.3258;-25.2983;Cyathea corcovadensis;SpeciesLink
-48.6678009;-27.64529991;Cyathea corcovadensis;SpeciesLink
-48.51699829;-27.13800049;Cyathea corcovadensis;SpeciesLink
-48.95890045;-26.9314003;Cyathea corcovadensis;SpeciesLink
-49.17689896;-26.74060059;Cyathea corcovadensis;SpeciesLink
-48.63809967;-26.24329948;Cyathea corcovadensis;SpeciesLink
-48.85499954;-26.02669907;Cyathea corcovadensis;SpeciesLink
-50.19720078;-25.98609924;Cyathea corcovadensis;SpeciesLink
-49.71580124;-25.7696991;Cyathea corcovadensis;SpeciesLink
-48.50920105;-25.52000046;Cyathea corcovadensis;SpeciesLink
-48.83440018;-25.4769001;Cyathea corcovadensis;SpeciesLink
-49.07690048;-25.36560059;Cyathea corcovadensis;SpeciesLink
-48.59000015;-24.57999992;Cyathea corcovadensis;SpeciesLink
-47.84000015;-24.47999954;Cyathea corcovadensis;SpeciesLink
-46.63;-23.6;Cyathea corcovadensis;SpeciesLink
-49.05530167;-25.30559921;Cyathea corcovadensis;SpeciesLink
-46.618358;-23.646109;Cyathea corcovadensis;SpeciesLink
-49.232222;-28.619167;Cyathea corcovadensis;IFFSC
-48.866944;-27.81;Cyathea corcovadensis;IFFSC
-49.409167;-27.722222;Cyathea corcovadensis;IFFSC
-49.5;-27.63;Cyathea corcovadensis;IFFSC
-49.41;-27.629167;Cyathea corcovadensis;IFFSC
-49.233611;-27.63;Cyathea corcovadensis;IFFSC
-48.87;-27.63;Cyathea corcovadensis;IFFSC
-49.316667;-27.5375;Cyathea corcovadensis;IFFSC
-48.96;-27.449722;Cyathea corcovadensis;IFFSC
-48.96;-27.36;Cyathea corcovadensis;IFFSC
-48.809444;-27.271111;Cyathea corcovadensis;IFFSC
-49.049167;-27.179722;Cyathea corcovadensis;IFFSC
-48.779722;-27.180278;Cyathea corcovadensis;IFFSC
-49.8575;-27.089444;Cyathea corcovadensis;IFFSC
-48.78;-27.09;Cyathea corcovadensis;IFFSC
-48.6;-27;Cyathea corcovadensis;IFFSC
-50.0375;-26.818611;Cyathea corcovadensis;IFFSC
-49.049444;-26.819722;Cyathea corcovadensis;IFFSC
-49.144167;-27.629722;Cyathea corcovadensis;IFFSC
-49.049444;-27.630278;Cyathea corcovadensis;IFFSC
-49.949722;-26.64;Cyathea corcovadensis;IFFSC
-49.227778;-27.539167;Cyathea corcovadensis;IFFSC
-49.14;-27.54;Cyathea corcovadensis;IFFSC
-49.770833;-27.45;Cyathea corcovadensis;IFFSC
-50.22;-27;Cyathea corcovadensis;IFFSC
-49.23;-26.999722;Cyathea corcovadensis;IFFSC
-48.871111;-26.819722;Cyathea corcovadensis;IFFSC
-49.949722;-26.73;Cyathea corcovadensis;IFFSC
-49.59;-26.64;Cyathea corcovadensis;IFFSC
-49.411389;-26.638333;Cyathea corcovadensis;IFFSC
-49.23;-26.64;Cyathea corcovadensis;IFFSC
-48.869722;-27.99;Cyathea delgadii;GBIF
-49.554167;-27.591111;Cyathea delgadii;GBIF
-49.139722;-26.368056;Cyathea delgadii;GBIF
-48.896667;-27.100833;Cyathea delgadii;GBIF
-48.78;-27.72;Cyathea delgadii;GBIF
-52.310778;-24.205889;Cyathea delgadii;GBIF
-49.412477;-25.471124;Cyathea delgadii;GBIF
-49.212778;-28.186667;Cyathea delgadii;GBIF
-49.849902;-29.368799;Cyathea delgadii;GBIF
-49.430833;-28.531111;Cyathea delgadii;GBIF
-49.2613935;-24.82747399;Cyathea delgadii;GBIF
-47.7883;-24.7078;Cyathea delgadii;GBIF
-48.38;-24.12;Cyathea delgadii;GBIF
-48.50974439;-25.52418668;Cyathea delgadii;GBIF
-46775;-23895;Cyathea delgadii;GBIF
-50.966667;-29.716667;Cyathea delgadii;GBIF
-48.407778;-24.634722;Cyathea delgadii;GBIF
-48.447222;-24.273611;Cyathea delgadii;GBIF
-46.735278;-23.985278;Cyathea delgadii;GBIF
-49.087222;-26.957222;Cyathea delgadii;GBIF
-48.693333;-24.539444;Cyathea delgadii;GBIF
-49.410833;-26.91;Cyathea delgadii;GBIF
-51;-24;Cyathea delgadii;GBIF
-50;-27;Cyathea delgadii;GBIF
-48.651389;-25.281389;Cyathea delgadii;GBIF
-49.924167;-29.318889;Cyathea delgadii;GBIF
-48.78;-27.54;Cyathea delgadii;GBIF
-49.049444;-27.09;Cyathea delgadii;GBIF
-48.87;-28.08;Cyathea delgadii;GBIF
-49.319167;-28.260833;Cyathea delgadii;GBIF
-49.232778;-26.46;Cyathea delgadii;GBIF
-49.14;-27.000278;Cyathea delgadii;GBIF
-48.930833;-26.799722;Cyathea delgadii;GBIF
-49.313333;-26.324722;Cyathea delgadii;GBIF
-46.93333;-24.25;Cyathea delgadii;GBIF
-49.413056;-28.526389;Cyathea delgadii;GBIF
-49.861667;-29.253611;Cyathea delgadii;GBIF
-50.131944;-26.731667;Cyathea delgadii;GBIF
-48.556567;-27.188967;Cyathea delgadii;GBIF
-48.929444;-27.901944;Cyathea delgadii;GBIF
-49.424722;-28.598333;Cyathea delgadii;GBIF
-51.179167;-29.168333;Cyathea delgadii;GBIF
-47.062379;-23.737964;Cyathea delgadii;GBIF
-47.075961;-23.692836;Cyathea delgadii;GBIF
-47.100922;-23.710157;Cyathea delgadii;GBIF
-47.448611;-24.076111;Cyathea delgadii;GBIF
-50.221667;-24.885278;Cyathea delgadii;GBIF
-48.866667;-25.25;Cyathea delgadii;GBIF
-48.65;-25.316667;Cyathea delgadii;GBIF
-48.966667;-25.433333;Cyathea delgadii;GBIF
-48.755278;-24.748889;Cyathea delgadii;GBIF
-49.497222;-28.529167;Cyathea delgadii;GBIF
-49.05;-27.450556;Cyathea delgadii;GBIF
-52739;-23.847389;Cyathea delgadii;GBIF
-52.457444;-24.51275;Cyathea delgadii;GBIF
-52.434194;-24.522222;Cyathea delgadii;GBIF
-49.385555;-26.893055;Cyathea delgadii;GBIF
-49.111389;-27.006111;Cyathea delgadii;GBIF
-48.971389;-27.149167;Cyathea delgadii;GBIF
-48.87;-27.272222;Cyathea delgadii;GBIF
-49.863056;-26.909722;Cyathea delgadii;GBIF
-48.96;-27.993889;Cyathea delgadii;GBIF
-48.871111;-27.181944;Cyathea delgadii;GBIF
-48.8675;-27.359722;Cyathea delgadii;GBIF
-49.5;-26.64;Cyathea delgadii;GBIF
-49.230833;-27.989722;Cyathea delgadii;GBIF
-48.871389;-27.718889;Cyathea delgadii;GBIF
-49.410833;-27.09;Cyathea delgadii;GBIF
-49.770833;-27.270278;Cyathea delgadii;GBIF
-48.959444;-28.2625;Cyathea delgadii;GBIF
-49.229444;-26.820833;Cyathea delgadii;GBIF
-49.321667;-26.730556;Cyathea delgadii;GBIF
-49.498611;-28.443611;Cyathea delgadii;GBIF
-49.315556;-28.617778;Cyathea delgadii;GBIF
-49.41;-28.17;Cyathea delgadii;GBIF
-49.411944;-28.259722;Cyathea delgadii;GBIF
-48.69;-26.19;Cyathea delgadii;GBIF
-48.87;-26.01;Cyathea delgadii;GBIF
-48.87;-27.63;Cyathea delgadii;GBIF
-48.96;-27.449722;Cyathea delgadii;GBIF
-49.049444;-27.630278;Cyathea delgadii;GBIF
-49.950556;-26.730278;Cyathea delgadii;GBIF
-48.961944;-26.28;Cyathea delgadii;GBIF
-49.049722;-27.54;Cyathea delgadii;GBIF
-48.778611;-26.8225;Cyathea delgadii;GBIF
-48.960278;-26.999444;Cyathea delgadii;GBIF
-49.59;-28.62;Cyathea delgadii;GBIF
-48.780278;-26.999722;Cyathea delgadii;GBIF
-49.86;-28.8;Cyathea delgadii;GBIF
-48.662778;-26.215278;Cyathea delgadii;GBIF
-49.049444;-26.819722;Cyathea delgadii;GBIF
-49.23;-27.9;Cyathea delgadii;GBIF
-49.59;-27.63;Cyathea delgadii;GBIF
-48.884167;-27.625833;Cyathea delgadii;GBIF
-49.087778;-27.056667;Cyathea delgadii;GBIF
-50.23279953;-30.24749947;Cyathea delgadii;SpeciesLink
-49.45750046;-28.5156002;Cyathea delgadii;SpeciesLink
-49.29140091;-28.35890007;Cyathea delgadii;SpeciesLink
-48.82360077;-27.69389915;Cyathea delgadii;SpeciesLink
-48.98109818;-27.08580017;Cyathea delgadii;SpeciesLink
-48.95890045;-26.9314003;Cyathea delgadii;SpeciesLink
-48.59000015;-24.57999992;Cyathea delgadii;SpeciesLink
-49.319167;-28.348056;Cyathea delgadii;IFFSC
-48.870278;-28.169444;Cyathea delgadii;IFFSC
-49.136944;-28.080556;Cyathea delgadii;IFFSC
-48.78;-27.99;Cyathea delgadii;IFFSC
-48.96;-27.72;Cyathea delgadii;IFFSC
-48.780833;-27.628889;Cyathea delgadii;IFFSC
-48.96;-27.54;Cyathea delgadii;IFFSC
-49.32;-27.359722;Cyathea delgadii;IFFSC
-49.23;-27.359722;Cyathea delgadii;IFFSC
-49.137778;-27.359722;Cyathea delgadii;IFFSC
-48.96;-27.36;Cyathea delgadii;IFFSC
-48.78;-27.36;Cyathea delgadii;IFFSC
-48.690278;-27.361389;Cyathea delgadii;IFFSC
-49.41;-27.27;Cyathea delgadii;IFFSC
-49.41;-27.18;Cyathea delgadii;IFFSC
-49.32;-27.18;Cyathea delgadii;IFFSC
-49.77;-27.09;Cyathea delgadii;IFFSC
-49.32;-27.089722;Cyathea delgadii;IFFSC
-48.78;-27.09;Cyathea delgadii;IFFSC
-49.589444;-26.998056;Cyathea delgadii;IFFSC
-49.77;-26.91;Cyathea delgadii;IFFSC
-49.677778;-26.908333;Cyathea delgadii;IFFSC
-49.588056;-26.911667;Cyathea delgadii;IFFSC
-49.769444;-26.821389;Cyathea delgadii;IFFSC
-49.05;-26.73;Cyathea delgadii;IFFSC
-48.960833;-27.809722;Cyathea delgadii;IFFSC
-48.69;-27.81;Cyathea delgadii;IFFSC
-48.870278;-27.539444;Cyathea delgadii;IFFSC
-48.87;-27.45;Cyathea delgadii;IFFSC
-49.049722;-27.358333;Cyathea delgadii;IFFSC
-50.13;-27.18;Cyathea delgadii;IFFSC
-49.41;-26.46;Cyathea delgadii;IFFSC
-50.22;-27;Cyathea delgadii;IFFSC
-49.051667;-26.4625;Cyathea delgadii;IFFSC
-50.219722;-26.909722;Cyathea delgadii;IFFSC
-49.68;-26.82;Cyathea delgadii;IFFSC
-48.871111;-26.819722;Cyathea delgadii;IFFSC
-49.86;-26.64;Cyathea delgadii;IFFSC
-49.05;-26.550278;Cyathea delgadii;IFFSC
-49.414814;-25.464931;Cyathea feeana;GBIF
-49.40037;-24.949619;Cyathea feeana;GBIF
-49.245555;-26.221944;Cyathea feeana;GBIF
-49.3725;-26.559444;Cyathea feeana;GBIF
-49.370556;-26.278333;Cyathea feeana;GBIF
-49.410556;-26.315278;Cyathea feeana;GBIF
-49.214722;-26.294722;Cyathea feeana;GBIF
-49.380556;-26.421667;Cyathea feeana;GBIF
-49.500278;-26.280278;Cyathea feeana;GBIF
-49.590555;-26.640278;Cyathea feeana;GBIF
-48.69;-27.81;Cyathea feeana;GBIF
-49.950556;-26.640278;Cyathea feeana;GBIF
-49.23;-28.08;Cyathea feeana;GBIF
-49.14;-27.449722;Cyathea feeana;GBIF
-49.05;-27.450556;Cyathea feeana;GBIF
-50.220278;-26.91;Cyathea feeana;GBIF
-49.049444;-27.630278;Cyathea feeana;GBIF
-49.950556;-26.730278;Cyathea feeana;GBIF
-49.140833;-26.187222;Cyathea feeana;GBIF
-49.410833;-27.629167;Cyathea feeana;GBIF
-49.500556;-27.630278;Cyathea feeana;GBIF
-48.69;-26.46;Cyathea feeana;GBIF
-49.32;-27.45;Cyathea feeana;GBIF
-49.68;-27.36;Cyathea feeana;GBIF
-48.901944;-27.150556;Cyathea feeana;GBIF
-49.590555;-26.459722;Cyathea feeana;GBIF
-49.770833;-26.549722;Cyathea feeana;GBIF
-50.488055;-26.370278;Cyathea feeana;GBIF
-49.325556;-26.155556;Cyathea feeana;GBIF
-49.071944;-26.921389;Cyathea feeana;GBIF
-49.308333;-26.320833;Cyathea hirsuta;GBIF
-48.801944;-25.234722;Cyathea hirsuta;GBIF
-48.671944;-25.311389;Cyathea hirsuta;GBIF
-48.693333;-24.539444;Cyathea hirsuta;GBIF
-49.087222;-26.957222;Cyathea hirsuta;GBIF
-48.393333;-24.645556;Cyathea hirsuta;GBIF
-48.447222;-24.273611;Cyathea hirsuta;GBIF
-46.775278;-23.993889;Cyathea hirsuta;GBIF
-46.43333;-23.88333;Cyathea hirsuta;GBIF
-49.429167;-26.910556;Cyathea hirsuta;GBIF
-49.362222;-26.8625;Cyathea hirsuta;GBIF
-48.683333;-25.3;Cyathea hirsuta;GBIF
-47.448611;-24.076111;Cyathea hirsuta;GBIF
-48.683333;-25.25;Cyathea hirsuta;GBIF
-48.533333;-24.666667;Cyathea hirsuta;GBIF
-48.913583;-25.810083;Cyathea hirsuta;GBIF
-48.779722;-27.180278;Cyathea hirsuta;GBIF
-49.094444;-27.064444;Cyathea hirsuta;GBIF
-49.111111;-27.016111;Cyathea hirsuta;GBIF
-48.960556;-27.360278;Cyathea hirsuta;GBIF
-49.77;-26.821667;Cyathea hirsuta;GBIF
-49.410833;-27.09;Cyathea hirsuta;GBIF
-49.049444;-26.819722;Cyathea hirsuta;GBIF
-48.3258;-25.2983;Cyathea leucofolis;GBIF
-47.7883;-24.7078;Cyathea leucofolis;GBIF
-46.375978;-23.834564;Cyathea leucofolis;GBIF
-48.32;-25.27;Cyathea leucofolis;GBIF
-48.693333;-24.539444;Cyathea leucofolis;GBIF
-48.469444;-24.6175;Cyathea leucofolis;GBIF
-48.127222;-24.825278;Cyathea leucofolis;GBIF
-47.916667;-24.2;Cyathea leucofolis;GBIF
-46.828611;-24.166389;Cyathea leucofolis;GBIF
-48.105028;-24555;Cyathea leucofolis;GBIF
-48.75;-25.5;Cyathea leucofolis;GBIF
-48.333333;-25.283333;Cyathea leucofolis;GBIF
-47.916667;-24.166667;Cyathea leucofolis;GBIF
-48.783333;-25.216667;Cyathea leucofolis;GBIF
-48775;-25325;Cyathea leucofolis;GBIF
-48.895833;-25.409722;Cyathea leucofolis;GBIF
-48.683333;-25.25;Cyathea leucofolis;GBIF
-48.666667;-25.316667;Cyathea leucofolis;GBIF
-48.40825;-25.184778;Cyathea leucofolis;GBIF
-48.385889;-25.1755;Cyathea leucofolis;GBIF
-47.563245;-24.699252;Cyathea leucofolis;Fernandes,1997
-48.714565;-25.431231;Cyathea leucofolis;Fernandes,1997
-48.576444;-25.886879;Cyathea leucofolis;Fernandes,1997
-48.329431;-25.20045;Cyathea leucofolis;Fernandes,1997
-48.526187;-25.520501;Cyathea leucofolis;Fernandes,1997
-48.66666;-25.31667;Cyathea leucofolis;SpeciesLink
-48.9583;-25.40972;Cyathea leucofolis;SpeciesLink
-48.5092;-25.52;Cyathea leucofolis;SpeciesLink
-48.8344;-25.4769;Cyathea leucofolis;SpeciesLink
-48.3288;-25.3066;Cyathea leucofolis;SpeciesLink
-48.3333;-25.28333;Cyathea leucofolis;SpeciesLink
-48.6933;-24.5394;Cyathea leucofolis;SpeciesLink
-48.951667;-27.418611;Cyathea phalerata;GBIF
-48.727222;-26055;Cyathea phalerata;GBIF
-48.870278;-28.169444;Cyathea phalerata;GBIF
-48.460556;-27.644722;Cyathea phalerata;GBIF
-49.227778;-27.539167;Cyathea phalerata;GBIF
-48.87;-26.37;Cyathea phalerata;GBIF
-49.14;-27.449722;Cyathea phalerata;GBIF
-48.96;-27.993889;Cyathea phalerata;GBIF
-49.144167;-27.629722;Cyathea phalerata;GBIF
-49.322222;-28.17;Cyathea phalerata;GBIF
-48.869722;-27.99;Cyathea phalerata;GBIF
-49.499722;-28.35;Cyathea phalerata;GBIF
-48.820278;-27.727222;Cyathea phalerata;GBIF
-48.430833;-25.481389;Cyathea phalerata;GBIF
-49.313333;-26.324722;Cyathea phalerata;GBIF
-50.534222;-24.336861;Cyathea phalerata;GBIF
-49.2433;-28.4233;Cyathea phalerata;GBIF
-48.3418;-24.2505;Cyathea phalerata;GBIF
-49.41556;-25.465491;Cyathea phalerata;GBIF
-48.919167;-25.583333;Cyathea phalerata;GBIF
-49.0036;-25.3887;Cyathea phalerata;GBIF
-47.92;-24.18;Cyathea phalerata;GBIF
-49.369722;-26.254722;Cyathea phalerata;GBIF
-48.96;-25.02;Cyathea phalerata;GBIF
-49.245555;-26.221944;Cyathea phalerata;GBIF
-46775;-23895;Cyathea phalerata;GBIF
-48.83;-25.23;Cyathea phalerata;GBIF
-48.97;-25.43;Cyathea phalerata;GBIF
-47.55017408;-24.70417831;Cyathea phalerata;GBIF
-48.303333;-25.178056;Cyathea phalerata;GBIF
-48.616389;-26.801944;Cyathea phalerata;GBIF
-49.069444;-27.286111;Cyathea phalerata;GBIF
-48.710833;-24.853889;Cyathea phalerata;GBIF
-51.839833;-25.950917;Cyathea phalerata;GBIF
-50.0375;-26.818611;Cyathea phalerata;GBIF
-49.838611;-26.682222;Cyathea phalerata;GBIF
-46.941722;-23.824667;Cyathea phalerata;GBIF
-48.417222;-24.931111;Cyathea phalerata;GBIF
-48.360194;-24.284167;Cyathea phalerata;GBIF
-48.419167;-24.2775;Cyathea phalerata;GBIF
-47.916667;-24.2;Cyathea phalerata;GBIF
-46.735278;-23.985278;Cyathea phalerata;GBIF
-48.640278;-26.418333;Cyathea phalerata;GBIF
-49.212778;-28.186667;Cyathea phalerata;GBIF
-49.05;-27.450556;Cyathea phalerata;GBIF
-50.313889;-26.738333;Cyathea phalerata;GBIF
-50;-27;Cyathea phalerata;GBIF
-48.693333;-24.539444;Cyathea phalerata;GBIF
-48.8325;-25.294722;Cyathea phalerata;GBIF
-48.905278;-25.352778;Cyathea phalerata;GBIF
-50.100556;-29.162222;Cyathea phalerata;GBIF
-49.14;-27.27;Cyathea phalerata;GBIF
-48.959444;-28.2625;Cyathea phalerata;GBIF
-48.87;-27.63;Cyathea phalerata;GBIF
-48.96;-27.449722;Cyathea phalerata;GBIF
-48.9;-27.1;Cyathea phalerata;GBIF
-48.75;-27.1;Cyathea phalerata;GBIF
-49.946667;-29.358194;Cyathea phalerata;GBIF
-48.930833;-26.799722;Cyathea phalerata;GBIF
-49.370556;-26.278333;Cyathea phalerata;GBIF
-49.053611;-26.220833;Cyathea phalerata;GBIF
-48.48333;-27.56666;Cyathea phalerata;GBIF
-46.43333;-23.88333;Cyathea phalerata;GBIF
-46.93333;-24.25;Cyathea phalerata;GBIF
-48.385889;-25.1755;Cyathea phalerata;GBIF
-49.139722;-26.368056;Cyathea phalerata;GBIF
-50.038333;-27.361389;Cyathea phalerata;GBIF
-49.080833;-27.059444;Cyathea phalerata;GBIF
-49.14;-27.000278;Cyathea phalerata;GBIF
-48.69;-26.46;Cyathea phalerata;GBIF
-48.929444;-27.901944;Cyathea phalerata;GBIF
-49.274167;-26.738333;Cyathea phalerata;GBIF
-48.855278;-26.027222;Cyathea phalerata;GBIF
-48.82;-28.341389;Cyathea phalerata;GBIF
-48.69;-28.08;Cyathea phalerata;GBIF
-49.320278;-26.370556;Cyathea phalerata;GBIF
-47.073021;-23.737679;Cyathea phalerata;GBIF
-47.072921;-23.715509;Cyathea phalerata;GBIF
-47.555556;-24.165833;Cyathea phalerata;GBIF
-48.571667;-24.418056;Cyathea phalerata;GBIF
-48.983333;-25.483333;Cyathea phalerata;GBIF
-48.866667;-25.25;Cyathea phalerata;GBIF
-48.833333;-25.25;Cyathea phalerata;GBIF
-48.683333;-25.3;Cyathea phalerata;GBIF
-49.65;-24.166667;Cyathea phalerata;GBIF
-49.166667;-25.583333;Cyathea phalerata;GBIF
-49.413056;-28.526389;Cyathea phalerata;GBIF
-49.411944;-28.259722;Cyathea phalerata;GBIF
-49.770833;-27.270278;Cyathea phalerata;GBIF
-49.232222;-28.619167;Cyathea phalerata;GBIF
-51.568194;-25.04625;Cyathea phalerata;GBIF
-49.040833;-26.534167;Cyathea phalerata;GBIF
-49.051944;-27.268611;Cyathea phalerata;GBIF
-50.301944;-26.216389;Cyathea phalerata;GBIF
-49.104722;-27.025833;Cyathea phalerata;GBIF
-49.07;-27.003056;Cyathea phalerata;GBIF
-48645;-26.853611;Cyathea phalerata;GBIF
-48.610556;-26.393333;Cyathea phalerata;GBIF
-48.801944;-26.030278;Cyathea phalerata;GBIF
-50.4;-26.64;Cyathea phalerata;GBIF
-48.780556;-27.09;Cyathea phalerata;GBIF
-48.690278;-27.361389;Cyathea phalerata;GBIF
-48.508056;-27.451111;Cyathea phalerata;GBIF
-48.960833;-27.720278;Cyathea phalerata;GBIF
-48.87;-27.272222;Cyathea phalerata;GBIF
-49.436389;-27.076667;Cyathea phalerata;GBIF
-50.220556;-27.000278;Cyathea phalerata;GBIF
-49.41;-26.46;Cyathea phalerata;GBIF
-49.590555;-26.640278;Cyathea phalerata;GBIF
-49.32;-26.55;Cyathea phalerata;GBIF
-49.230833;-27.989722;Cyathea phalerata;GBIF
-49.411389;-26.638333;Cyathea phalerata;GBIF
-49.678333;-26.908611;Cyathea phalerata;GBIF
-49.680556;-26.820278;Cyathea phalerata;GBIF
-49.026944;-27.263611;Cyathea phalerata;GBIF
-48.87;-28.08;Cyathea phalerata;GBIF
-48.78;-27.72;Cyathea phalerata;GBIF
-48.69;-27.45;Cyathea phalerata;GBIF
-48.871389;-27.718889;Cyathea phalerata;GBIF
-49.230833;-27.09;Cyathea phalerata;GBIF
-49.860556;-26.640278;Cyathea phalerata;GBIF
-48.87;-27.45;Cyathea phalerata;GBIF
-49.590555;-27.090278;Cyathea phalerata;GBIF
-48.78;-27.36;Cyathea phalerata;GBIF
-49.050556;-27.358611;Cyathea phalerata;GBIF
-49.5;-26.64;Cyathea phalerata;GBIF
-49.863056;-26.909722;Cyathea phalerata;GBIF
-48.780833;-27.628889;Cyathea phalerata;GBIF
-49.048889;-27.989167;Cyathea phalerata;GBIF
-50.4;-28.350278;Cyathea phalerata;GBIF
-48.691667;-27.63;Cyathea phalerata;GBIF
-49.499722;-26.73;Cyathea phalerata;GBIF
-49.14;-27.54;Cyathea phalerata;GBIF
-49.4075;-26.7275;Cyathea phalerata;GBIF
-49.119167;-26.903056;Cyathea phalerata;GBIF
-49345;-26.2275;Cyathea phalerata;GBIF
-49.320833;-26.818611;Cyathea phalerata;GBIF
-49.770556;-26.910278;Cyathea phalerata;GBIF
-49.229444;-26.820833;Cyathea phalerata;GBIF
-49.14;-26.28;Cyathea phalerata;GBIF
-49.41;-27;Cyathea phalerata;GBIF
-48.96;-27.54;Cyathea phalerata;GBIF
-48.87;-26.01;Cyathea phalerata;GBIF
-49.409167;-28.709167;Cyathea phalerata;GBIF
-49.049167;-27.179722;Cyathea phalerata;GBIF
-48.689444;-27.540278;Cyathea phalerata;GBIF
-48.870278;-27.539444;Cyathea phalerata;GBIF
-48.69;-26.19;Cyathea phalerata;GBIF
-49.393611;-27.180278;Cyathea phalerata;GBIF
-49.051667;-26.462222;Cyathea phalerata;GBIF
-49.950556;-26.730278;Cyathea phalerata;GBIF
-49.049444;-27.630278;Cyathea phalerata;GBIF
-49.230556;-27.180278;Cyathea phalerata;GBIF
-49.320556;-27.180278;Cyathea phalerata;GBIF
-50.038055;-27.092222;Cyathea phalerata;GBIF
-49.9475;-26.549722;Cyathea phalerata;GBIF
-49.049722;-27.54;Cyathea phalerata;GBIF
-49.77;-28.71;Cyathea phalerata;GBIF
-49.68;-27.18;Cyathea phalerata;GBIF
-49.41;-26.369722;Cyathea phalerata;GBIF
-49.68;-28.799722;Cyathea phalerata;GBIF
-49.410833;-27.629167;Cyathea phalerata;GBIF
-49.500556;-27.630278;Cyathea phalerata;GBIF
-48.780278;-26.999722;Cyathea phalerata;GBIF
-49.23;-27.27;Cyathea phalerata;GBIF
-48.784167;-26.641111;Cyathea phalerata;GBIF
-48.776667;-26.548055;Cyathea phalerata;GBIF
-49.86;-29.07;Cyathea phalerata;GBIF
-49.32;-27.45;Cyathea phalerata;GBIF
-49.316667;-27.5375;Cyathea phalerata;GBIF
-49.770833;-26.55;Cyathea phalerata;GBIF
-49.059722;-26.936667;Cyathea phalerata;GBIF
-49.071944;-26.921389;Cyathea phalerata;GBIF
-49.9875;-26.828611;Cyathea phalerata;GBIF
-48.97940063;-28.16469955;Cyathea phalerata;SpeciesLink
-48.82360077;-27.69389915;Cyathea phalerata;SpeciesLink
-48.98529816;-27.5685997;Cyathea phalerata;SpeciesLink
-48.82720184;-26.89970016;Cyathea phalerata;SpeciesLink
-49.27170181;-26.82329941;Cyathea phalerata;SpeciesLink
-48.83440018;-25.4769001;Cyathea phalerata;SpeciesLink
-45875;-23725;Cyathea phalerata;SpeciesLink
-48.6272;-27.6156;Cyathea phalerata;SpeciesLink
-50.3258;-27.8161;Cyathea phalerata;SpeciesLink
-48.8456;-26.3044;Cyathea phalerata;SpeciesLink
-49.86;-28.89;Cyathea phalerata;IFFSC
-49.32;-28.89;Cyathea phalerata;IFFSC
-49.41;-28.17;Cyathea phalerata;IFFSC
-48.871944;-27.898333;Cyathea phalerata;IFFSC
-48.866944;-27.81;Cyathea phalerata;IFFSC
-48.6925;-27.717778;Cyathea phalerata;IFFSC
-49.59;-27.63;Cyathea phalerata;IFFSC
-49.770556;-27.54;Cyathea phalerata;IFFSC
-49.41;-27.54;Cyathea phalerata;IFFSC
-49.23;-27.449722;Cyathea phalerata;IFFSC
-49.68;-27.36;Cyathea phalerata;IFFSC
-49.137778;-27.359722;Cyathea phalerata;IFFSC
-48.96;-27.36;Cyathea phalerata;IFFSC
-48.809444;-27.271111;Cyathea phalerata;IFFSC
-49.41;-27.18;Cyathea phalerata;IFFSC
-49.14;-27.18;Cyathea phalerata;IFFSC
-48.779722;-27.180278;Cyathea phalerata;IFFSC
-50.22;-27.0925;Cyathea phalerata;IFFSC
-49.77;-27.09;Cyathea phalerata;IFFSC
-49.049444;-27.09;Cyathea phalerata;IFFSC
-49.589444;-26.998056;Cyathea phalerata;IFFSC
-49.32;-26.999722;Cyathea phalerata;IFFSC
-50.128611;-26.908611;Cyathea phalerata;IFFSC
-49.588056;-26.911667;Cyathea phalerata;IFFSC
-49.410833;-26.91;Cyathea phalerata;IFFSC
-49.769444;-26.821389;Cyathea phalerata;IFFSC
-48.694722;-26.730278;Cyathea phalerata;IFFSC
-48.780278;-27.81;Cyathea phalerata;IFFSC
-50.312778;-26.551389;Cyathea phalerata;IFFSC
-50.13;-27.18;Cyathea phalerata;IFFSC
-50.489167;-26.459722;Cyathea phalerata;IFFSC
-49.14;-27.09;Cyathea phalerata;IFFSC
-50.13;-27;Cyathea phalerata;IFFSC
-50.938056;-26.371111;Cyathea phalerata;IFFSC
-49.23;-26.999722;Cyathea phalerata;IFFSC
-50.765833;-26.373056;Cyathea phalerata;IFFSC
-48.690278;-27;Cyathea phalerata;IFFSC
-50.219722;-26.909722;Cyathea phalerata;IFFSC
-49.499444;-26.910278;Cyathea phalerata;IFFSC
-50.222778;-26.817222;Cyathea phalerata;IFFSC
-49.05;-26.28;Cyathea phalerata;IFFSC
-49.591389;-26.731389;Cyathea phalerata;IFFSC
-49.140833;-26.187222;Cyathea phalerata;IFFSC
-49.950833;-26.099444;Cyathea phalerata;IFFSC
-48.689722;-26.099444;Cyathea phalerata;IFFSC
-49.41;-26.549722;Cyathea phalerata;IFFSC
-49.05;-26.550278;Cyathea phalerata;IFFSC
-49.05;-26.099722;Cyathea phalerata;IFFSC
-50.32648464;-27.82000884;Cyathea villosa;GBIF
-46.32;-23.78;Cyathea villosa;GBIF
-46.735278;-23.985278;Cyathea villosa;GBIF
-50.03;-24.5;Cyathea villosa;GBIF
-47.510556;-24.102222;Cyathea villosa;GBIF
-50.221667;-24.885278;Cyathea villosa;GBIF
-49.8;-25.05;Cyathea villosa;GBIF
-51458;-25.3952;Cyathea villosa;Fernandes,1997
-46.63;-23.54;Cyathea villosa;SpeciesLink
-50177;-25095;Cyathea villosa;SpeciesLink
-50.0119;-24791;Cyathea villosa;SpeciesLink
-47.63;-24.31999;Cyathea villosa;SpeciesLink
-49.94;-25.4;Cyathea villosa;SpeciesLink
-51.6325;-29.221944;Dicksonia sellowiana;GBIF
-48.87;-27.45;Dicksonia sellowiana;GBIF
-51.900278;-26.085278;Dicksonia sellowiana;GBIF
-46.297432;-23.774909;Dicksonia sellowiana;GBIF
-50.612841;-29.448418;Dicksonia sellowiana;GBIF
-50.58975;-24.337056;Dicksonia sellowiana;GBIF
-50.308417;-24.143083;Dicksonia sellowiana;GBIF
-50.0259;-29.0045;Dicksonia sellowiana;GBIF
-52.266972;-24.577639;Dicksonia sellowiana;GBIF
-48.919444;-25.58;Dicksonia sellowiana;GBIF
-54.2;-26.9;Dicksonia sellowiana;GBIF
-49.0036;-25.3887;Dicksonia sellowiana;GBIF
-50.695833;-29.342222;Dicksonia sellowiana;GBIF
-51.850361;-24.646667;Dicksonia sellowiana;GBIF
-51.854917;-25.944056;Dicksonia sellowiana;GBIF
-51.838306;-25.949722;Dicksonia sellowiana;GBIF
-51.167412;-28.223316;Dicksonia sellowiana;GBIF
-50.817194;-29.321694;Dicksonia sellowiana;GBIF
-51.850222;-25.973472;Dicksonia sellowiana;GBIF
-51.731944;-24.77275;Dicksonia sellowiana;GBIF
-51.748917;-24.780389;Dicksonia sellowiana;GBIF
-50.144348;-29.047782;Dicksonia sellowiana;GBIF
-49.67;-26.73;Dicksonia sellowiana;GBIF
-50.890537;-29.219297;Dicksonia sellowiana;GBIF
-49.62503789;-28.34081854;Dicksonia sellowiana;GBIF
-53.883333;-26.466667;Dicksonia sellowiana;GBIF
-50.049722;-29.012583;Dicksonia sellowiana;GBIF
-51.593556;-25.060194;Dicksonia sellowiana;GBIF
-51565;-24.976333;Dicksonia sellowiana;GBIF
-48.963889;-26.029722;Dicksonia sellowiana;GBIF
-51.855667;-25.927278;Dicksonia sellowiana;GBIF
-50.584167;-25.023889;Dicksonia sellowiana;GBIF
-51.066667;-29.516667;Dicksonia sellowiana;GBIF
-50.115147;-29.119564;Dicksonia sellowiana;GBIF
-50.118572;-29.134469;Dicksonia sellowiana;GBIF
-50.104969;-29.132972;Dicksonia sellowiana;GBIF
-50.291056;-29.706944;Dicksonia sellowiana;GBIF
-50.365278;-29.730833;Dicksonia sellowiana;GBIF
-50.912994;-29.51695;Dicksonia sellowiana;GBIF
-50.55;-29.433333;Dicksonia sellowiana;GBIF
-50.8;-29.316667;Dicksonia sellowiana;GBIF
-53.816667;-27.183333;Dicksonia sellowiana;GBIF
-53.585556;-29.6425;Dicksonia sellowiana;GBIF
-53.670639;-25.083889;Dicksonia sellowiana;GBIF
-52.129722;-24.763972;Dicksonia sellowiana;GBIF
-49.05;-27.450556;Dicksonia sellowiana;GBIF
-50.815181;-29.381486;Dicksonia sellowiana;GBIF
-50.780555;-28.179444;Dicksonia sellowiana;GBIF
-50.369528;-27.119083;Dicksonia sellowiana;GBIF
-50.110597;-29.512881;Dicksonia sellowiana;GBIF
-49.229167;-27.721111;Dicksonia sellowiana;GBIF
-51;-24;Dicksonia sellowiana;GBIF
-48.693333;-24.539444;Dicksonia sellowiana;GBIF
-50.100556;-29.162222;Dicksonia sellowiana;GBIF
-49.14;-27.81;Dicksonia sellowiana;GBIF
-50.22103;-27.07087;Dicksonia sellowiana;GBIF
-50.237433;-30.103306;Dicksonia sellowiana;GBIF
-51.058833;-28.945056;Dicksonia sellowiana;GBIF
-49.383611;-26.275556;Dicksonia sellowiana;GBIF
-49.049722;-28.169444;Dicksonia sellowiana;GBIF
-51.260278;-27.629167;Dicksonia sellowiana;GBIF
-49.409167;-27.722222;Dicksonia sellowiana;GBIF
-54.2;-26.98333;Dicksonia sellowiana;GBIF
-53.66666;-26.2;Dicksonia sellowiana;GBIF
-53.78333;-26.01666;Dicksonia sellowiana;GBIF
-53.81666;-26.43333;Dicksonia sellowiana;GBIF
-51.48;-27.54;Dicksonia sellowiana;GBIF
-51.33333;-26.41667;Dicksonia sellowiana;GBIF
-50.66667;-25.5;Dicksonia sellowiana;GBIF
-52.016944;-26.82;Dicksonia sellowiana;GBIF
-51.188528;-27.930278;Dicksonia sellowiana;GBIF
-52.283333;-28.8;Dicksonia sellowiana;GBIF
-51.616667;-28.25;Dicksonia sellowiana;GBIF
-51.562222;-25.043611;Dicksonia sellowiana;GBIF
-49.298889;-28.285278;Dicksonia sellowiana;GBIF
-50.174444;-29.480833;Dicksonia sellowiana;GBIF
-50.575556;-29.420556;Dicksonia sellowiana;GBIF
-50.815556;-29.365833;Dicksonia sellowiana;GBIF
-49.22275;-25.332333;Dicksonia sellowiana;GBIF
-50.32032;-24.20127;Dicksonia sellowiana;GBIF
-50.534167;-24.336944;Dicksonia sellowiana;GBIF
-49234;-25.4466;Dicksonia sellowiana;GBIF
-49.616667;-28.033333;Dicksonia sellowiana;GBIF
-48.833333;-25.233333;Dicksonia sellowiana;GBIF
-51.7825;-26.893333;Dicksonia sellowiana;GBIF
-50.793056;-29.674444;Dicksonia sellowiana;GBIF
-50.561944;-29.432222;Dicksonia sellowiana;GBIF
-51925;-26.986111;Dicksonia sellowiana;GBIF
-48.862222;-25.391667;Dicksonia sellowiana;GBIF
-49.378611;-26.250556;Dicksonia sellowiana;GBIF
-49.216667;-25.283333;Dicksonia sellowiana;GBIF
-51.6;-26.416667;Dicksonia sellowiana;GBIF
-50.189811;-29.864942;Dicksonia sellowiana;GBIF
-49.923078;-29.319981;Dicksonia sellowiana;GBIF
-50.280709;-29.578761;Dicksonia sellowiana;GBIF
-49.4975;-27.901389;Dicksonia sellowiana;GBIF
-49.509722;-27.265278;Dicksonia sellowiana;GBIF
-49.86;-27.72;Dicksonia sellowiana;GBIF
-51.48;-27;Dicksonia sellowiana;GBIF
-49.304444;-26.255556;Dicksonia sellowiana;GBIF
-49.263889;-26.270556;Dicksonia sellowiana;GBIF
-49.351667;-26.313056;Dicksonia sellowiana;GBIF
-49.39;-26.341667;Dicksonia sellowiana;GBIF
-49.223889;-26.281944;Dicksonia sellowiana;GBIF
-50.4;-26.64;Dicksonia sellowiana;GBIF
-49.590555;-26.640278;Dicksonia sellowiana;GBIF
-50.223333;-26.8175;Dicksonia sellowiana;GBIF
-49.678333;-26.908611;Dicksonia sellowiana;GBIF
-49.77;-26.821667;Dicksonia sellowiana;GBIF
-48.87;-28.08;Dicksonia sellowiana;GBIF
-49.41;-26.55;Dicksonia sellowiana;GBIF
-49.5;-26.64;Dicksonia sellowiana;GBIF
-49.863056;-26.909722;Dicksonia sellowiana;GBIF
-49.411389;-26.638333;Dicksonia sellowiana;GBIF
-49.499722;-26.73;Dicksonia sellowiana;GBIF
-49.14;-27.449722;Dicksonia sellowiana;GBIF
-49345;-26.2275;Dicksonia sellowiana;GBIF
-50.130556;-27.000278;Dicksonia sellowiana;GBIF
-49.413056;-28.526389;Dicksonia sellowiana;GBIF
-49.950556;-26.730278;Dicksonia sellowiana;GBIF
-49.321111;-27.631389;Dicksonia sellowiana;GBIF
-49.590555;-27.090278;Dicksonia sellowiana;GBIF
-49.410833;-27.629167;Dicksonia sellowiana;GBIF
-49.500556;-27.630278;Dicksonia sellowiana;GBIF
-49.86;-28.89;Dicksonia sellowiana;GBIF
-49.32;-27.359722;Dicksonia sellowiana;GBIF
-49.86;-27.9;Dicksonia sellowiana;GBIF
-49.412222;-27.992222;Dicksonia sellowiana;GBIF
-52.564167;-26.460556;Dicksonia sellowiana;GBIF
-49.491944;-28.013056;Dicksonia sellowiana;GBIF
-50.94;-27.63;Dicksonia sellowiana;GBIF
-51.136667;-27.690833;Dicksonia sellowiana;GBIF
-50.715833;-28.214167;Dicksonia sellowiana;GBIF
-50.039444;-27.540278;Dicksonia sellowiana;GBIF
-49.087778;-27.056667;Dicksonia sellowiana;GBIF
-52.515556;-26.944444;Dicksonia sellowiana;GBIF
-51.029167;-27.001667;Dicksonia sellowiana;GBIF
-48.414722;-24.965278;Dicksonia sellowiana;GBIF
-53.88;-26.9;Dicksonia sellowiana;GBIF
-53.9;-26.88;Dicksonia sellowiana;GBIF
-50.5;-29.4;Dicksonia sellowiana;GBIF
-52.42580032;-29.71750069;Dicksonia sellowiana;SpeciesLink
-50.58359909;-29.44809914;Dicksonia sellowiana;SpeciesLink
-51.1142;-29.3767;Dicksonia sellowiana;SpeciesLink
-51.1794014;-29.16810036;Dicksonia sellowiana;SpeciesLink
-51.63169861;-29.16279984;Dicksonia sellowiana;SpeciesLink
-51.40810013;-28.99029922;Dicksonia sellowiana;SpeciesLink
-51.06809998;-28.97109985;Dicksonia sellowiana;SpeciesLink
-49.29140091;-28.35890007;Dicksonia sellowiana;SpeciesLink
-54.26309967;-28.29920006;Dicksonia sellowiana;SpeciesLink
-51.19029999;-28.05360031;Dicksonia sellowiana;SpeciesLink
-49.59170151;-28.01499939;Dicksonia sellowiana;SpeciesLink
-48.6678009;-27.64529991;Dicksonia sellowiana;SpeciesLink
-48.76750183;-27.51689911;Dicksonia sellowiana;SpeciesLink
-48.82720184;-26.89970016;Dicksonia sellowiana;SpeciesLink
-51.0147;-26.7756;Dicksonia sellowiana;SpeciesLink
-51.99060059;-26.48419952;Dicksonia sellowiana;SpeciesLink
-48.8456;-26.3044;Dicksonia sellowiana;SpeciesLink
-50.82109833;-25.87779999;Dicksonia sellowiana;SpeciesLink
-49.2731;-25.4281;Dicksonia sellowiana;SpeciesLink
-50.61560059;-24.32390022;Dicksonia sellowiana;SpeciesLink
-50.4;-28.350278;Dicksonia sellowiana;IFFSC
-49.769167;-28.260556;Dicksonia sellowiana;IFFSC
-49.411944;-28.259722;Dicksonia sellowiana;IFFSC
-49.861944;-28.169167;Dicksonia sellowiana;IFFSC
-49.591111;-28.0825;Dicksonia sellowiana;IFFSC
-49.498333;-28.082778;Dicksonia sellowiana;IFFSC
-49.41;-28.080278;Dicksonia sellowiana;IFFSC
-49.768333;-27.99;Dicksonia sellowiana;IFFSC
-49.32;-27.988889;Dicksonia sellowiana;IFFSC
-50.579444;-27.901389;Dicksonia sellowiana;IFFSC
-50.129444;-27.900278;Dicksonia sellowiana;IFFSC
-49.59;-27.899722;Dicksonia sellowiana;IFFSC
-49.23;-27.9;Dicksonia sellowiana;IFFSC
-48.871944;-27.898333;Dicksonia sellowiana;IFFSC
-49.949722;-27.81;Dicksonia sellowiana;IFFSC
-49.59;-27.81;Dicksonia sellowiana;IFFSC
-49.322222;-27.811667;Dicksonia sellowiana;IFFSC
-51.117222;-27.716944;Dicksonia sellowiana;IFFSC
-50.578611;-27.631944;Dicksonia sellowiana;IFFSC
-50.22;-27.630833;Dicksonia sellowiana;IFFSC
-49.59;-27.63;Dicksonia sellowiana;IFFSC
-49.233611;-27.63;Dicksonia sellowiana;IFFSC
-50.130278;-27.541111;Dicksonia sellowiana;IFFSC
-49.770556;-27.54;Dicksonia sellowiana;IFFSC
-49.41;-27.54;Dicksonia sellowiana;IFFSC
-49.316667;-27.5375;Dicksonia sellowiana;IFFSC
-50.940833;-27.449444;Dicksonia sellowiana;IFFSC
-50.761667;-27.450833;Dicksonia sellowiana;IFFSC
-50.580278;-27.450556;Dicksonia sellowiana;IFFSC
-49.32;-27.45;Dicksonia sellowiana;IFFSC
-49.23;-27.449722;Dicksonia sellowiana;IFFSC
-50.580833;-27.359167;Dicksonia sellowiana;IFFSC
-50.233611;-27.361111;Dicksonia sellowiana;IFFSC
-50.038333;-27.361389;Dicksonia sellowiana;IFFSC
-50.671389;-27.269167;Dicksonia sellowiana;IFFSC
-50.1325;-27275;Dicksonia sellowiana;IFFSC
-49.051944;-27.268611;Dicksonia sellowiana;IFFSC
-51.209167;-27.090833;Dicksonia sellowiana;IFFSC
-50.22;-27.0925;Dicksonia sellowiana;IFFSC
-52.199722;-26.999722;Dicksonia sellowiana;IFFSC
-51.93;-26.999722;Dicksonia sellowiana;IFFSC
-50.670278;-26.999722;Dicksonia sellowiana;IFFSC
-51.032778;-26.909167;Dicksonia sellowiana;IFFSC
-50.94;-26.91;Dicksonia sellowiana;IFFSC
-49.77;-26.91;Dicksonia sellowiana;IFFSC
-49.588056;-26.911667;Dicksonia sellowiana;IFFSC
-52.294167;-26.822222;Dicksonia sellowiana;IFFSC
-51.969722;-26.788611;Dicksonia sellowiana;IFFSC
-51.4825;-26.818056;Dicksonia sellowiana;IFFSC
-51.303333;-26.818889;Dicksonia sellowiana;IFFSC
-51.021944;-26.818611;Dicksonia sellowiana;IFFSC
-50.674444;-26.819722;Dicksonia sellowiana;IFFSC
-50.309167;-26.822222;Dicksonia sellowiana;IFFSC
-51.118889;-26.731944;Dicksonia sellowiana;IFFSC
-50.131944;-26.731667;Dicksonia sellowiana;IFFSC
-49.4075;-26.7275;Dicksonia sellowiana;IFFSC
-51.572778;-26.641667;Dicksonia sellowiana;IFFSC
-51.480278;-26.6375;Dicksonia sellowiana;IFFSC
-50.751389;-26645;Dicksonia sellowiana;IFFSC
-50.58;-26.640833;Dicksonia sellowiana;IFFSC
-49.049444;-27.630278;Dicksonia sellowiana;IFFSC
-49.949722;-26.64;Dicksonia sellowiana;IFFSC
-49.049722;-27.54;Dicksonia sellowiana;IFFSC
-52.108889;-26.550278;Dicksonia sellowiana;IFFSC
-51.027778;-26.553611;Dicksonia sellowiana;IFFSC
-49.41;-27.360278;Dicksonia sellowiana;IFFSC
-50.399722;-26.547778;Dicksonia sellowiana;IFFSC
-50.312778;-26.551389;Dicksonia sellowiana;IFFSC
-50.400278;-27.269722;Dicksonia sellowiana;IFFSC
-50.22;-27.27;Dicksonia sellowiana;IFFSC
-50.041111;-27.270278;Dicksonia sellowiana;IFFSC
-49.68;-26.55;Dicksonia sellowiana;IFFSC
-49.32;-26.55;Dicksonia sellowiana;IFFSC
-50.579722;-27.090833;Dicksonia sellowiana;IFFSC
-50.312222;-27.091944;Dicksonia sellowiana;IFFSC
-51.03;-26.46;Dicksonia sellowiana;IFFSC
-50.940833;-26.461667;Dicksonia sellowiana;IFFSC
-49.23;-27.09;Dicksonia sellowiana;IFFSC
-50.489167;-26.459722;Dicksonia sellowiana;IFFSC
-49.948889;-26.460278;Dicksonia sellowiana;IFFSC
-49.590556;-26.459722;Dicksonia sellowiana;IFFSC
-50.310278;-27.000278;Dicksonia sellowiana;IFFSC
-50.22;-27;Dicksonia sellowiana;IFFSC
-50.938056;-26.371111;Dicksonia sellowiana;IFFSC
-50.765833;-26.373056;Dicksonia sellowiana;IFFSC
-50.580278;-26.381389;Dicksonia sellowiana;IFFSC
-50.849722;-28035;Dicksonia sellowiana;IFFSC
-49.41;-26.369722;Dicksonia sellowiana;IFFSC
-50895;-27.990278;Dicksonia sellowiana;IFFSC
-50.22;-26.28;Dicksonia sellowiana;IFFSC
-49.949722;-26.277222;Dicksonia sellowiana;IFFSC
-50.31;-26.73;Dicksonia sellowiana;IFFSC
-49.05;-26.28;Dicksonia sellowiana;IFFSC
-50.212222;-26.734722;Dicksonia sellowiana;IFFSC
-49.77;-26.19;Dicksonia sellowiana;IFFSC
-49.591389;-26.731389;Dicksonia sellowiana;IFFSC
-49.140833;-26.187222;Dicksonia sellowiana;IFFSC
-51.930278;-26.64;Dicksonia sellowiana;IFFSC
-50.132778;-26.103056;Dicksonia sellowiana;IFFSC
-49.950833;-26.099444;Dicksonia sellowiana;IFFSC
-50.13;-26.64;Dicksonia sellowiana;IFFSC
-49.770833;-26.549722;Dicksonia sellowiana;IFFSC
-50.301944;-26.216389;Dicksonia sellowiana;IFFSC
-49.05;-26.099722;Dicksonia sellowiana;IFFSC
-51.162778;-27.633333;Dicksonia sellowiana;IFFSC
-51.391944;-27.091389;Dicksonia sellowiana;IFFSC
-51.389722;-27.135833;Dicksonia sellowiana;IFFSC
-50.228333;-26.251389;Dicksonia sellowiana;IFFSC
-50.963889;-26.861111;Dicksonia sellowiana;IFFSC
-53.285556;-26.308889;Dicksonia sellowiana;IFFSC
-52.571389;-26.469722;Dicksonia sellowiana;IFFSC
-49.383611;-26.275556;Lophosoria quadripinnata;GBIF
-50.299722;-25.69;Lophosoria quadripinnata;GBIF
-49.191944;-26.200833;Lophosoria quadripinnata;GBIF
-49.212778;-28.186667;Lophosoria quadripinnata;GBIF
-50.001278;-29.186167;Lophosoria quadripinnata;GBIF
-49.4975;-27.901389;Lophosoria quadripinnata;GBIF
-50.456931;-29.640976;Lophosoria quadripinnata;GBIF
-51.150556;-29.152222;Lophosoria quadripinnata;GBIF
-50.291056;-29.706944;Lophosoria quadripinnata;GBIF
-48.693333;-24.539444;Lophosoria quadripinnata;GBIF
-49.32;-27.45;Lophosoria quadripinnata;GBIF
-49.14;-27.449722;Lophosoria quadripinnata;GBIF
-50.930833;-28.868611;Lophosoria quadripinnata;GBIF
-51;-24;Lophosoria quadripinnata;GBIF
-49.841389;-29.324722;Lophosoria quadripinnata;GBIF
-49.410556;-26.315278;Lophosoria quadripinnata;GBIF
-48.833333;-26.3;Lophosoria quadripinnata;GBIF
-49.923056;-29.327222;Lophosoria quadripinnata;GBIF
-48.533333;-24.666667;Lophosoria quadripinnata;GBIF
-50181;-24874;Lophosoria quadripinnata;GBIF
-48.833333;-25.233333;Lophosoria quadripinnata;GBIF
-49.65;-24.166667;Lophosoria quadripinnata;GBIF
-50.838194;-26.087806;Lophosoria quadripinnata;GBIF
-49.031944;-26.776667;Lophosoria quadripinnata;GBIF
-49.65;-27.955556;Lophosoria quadripinnata;GBIF
-49.118056;-27.023333;Lophosoria quadripinnata;GBIF
-48.780833;-27.81;Lophosoria quadripinnata;GBIF
-50.220556;-27.000278;Lophosoria quadripinnata;GBIF
-50.223333;-26.8175;Lophosoria quadripinnata;GBIF
-49.86;-28.89;Lophosoria quadripinnata;GBIF
-48.866944;-27.81;Lophosoria quadripinnata;GBIF
-49.087778;-27.056667;Lophosoria quadripinnata;GBIF
-48.374444;-24.3075;Lophosoria quadripinnata;GBIF
-50.23279953;-30.24749947;Lophosoria quadripinnata;SpeciesLink
-52.42580032;-29.71750069;Lophosoria quadripinnata;SpeciesLink
-50.3260994;-27.81609917;Lophosoria quadripinnata;SpeciesLink
-48.82720184;-26.89970016;Lophosoria quadripinnata;SpeciesLink
-48.59000015;-24.57999992;Lophosoria quadripinnata;SpeciesLink
-49.409167;-27.722222;Sphaeropteris gardneri;GBIF
-49.429167;-26.910556;Sphaeropteris gardneri;GBIF
-50.4;-26.64;Sphaeropteris gardneri;GBIF
-49.050556;-26.280278;Sphaeropteris gardneri;GBIF
-49.5;-26.64;Sphaeropteris gardneri;GBIF
-49.770833;-27.270278;Sphaeropteris gardneri;GBIF
-49.14;-27.449722;Sphaeropteris gardneri;GBIF
-49.410556;-27.54;Sphaeropteris gardneri;GBIF
-49.049167;-27.179722;Sphaeropteris gardneri;GBIF
-49.433333;-26.616667;Sphaeropteris gardneri;GBIF
-49.2608;-24.8236;Sphaeropteris gardneri;SpeciesLink
-49.498611;-28.443611;Sphaeropteris gardneri;IFFSC
-49.411944;-28.259722;Sphaeropteris gardneri;IFFSC
-49.41;-28.17;Sphaeropteris gardneri;IFFSC
-49.59;-27.63;Sphaeropteris gardneri;IFFSC
-49.77;-26.91;Sphaeropteris gardneri;IFFSC
-49.769444;-26.821389;Sphaeropteris gardneri;IFFSC
-50.131944;-26.731667;Sphaeropteris gardneri;IFFSC
-50.489167;-26.459722;Sphaeropteris gardneri;IFFSC
